{
  "name": "bootstrap",
  "version": "3.0.3",
  "main": [
    "./dist/js/bootstrap.js",
    "./dist/css/bootstrap.css",
    "./dist/fonts/glyphicons-halflings-regular.eot",
    "./dist/fonts/glyphicons-halflings-regular.svg",
    "./dist/fonts/glyphicons-halflings-regular.ttf",
    "./dist/fonts/glyphicons-halflings-regular.woff"
  ],
  "ignore": [
    "**/.*",
    "_*",
    "docs-assets",
    "examples",
    "/fonts",
    "js/tests",
    "CNAME",
    "CONTRIBUTING.md",
    "Gruntfile.js",
    "browserstack.json",
    "composer.json",
    "package.json",
    "*.html"
  ],
  "dependencies": {
    "jquery": ">= 1.9.0"
  },
  "homepage": "https://github.com/twbs/bootstrap",
  "_release": "3.0.3",
  "_resolution": {
    "type": "version",
    "tag": "v3.0.3",
    "commit": "6d03173a1aad98e75f7d33e65b411c519176c59a"
  },
  "_source": "git://github.com/twbs/bootstrap.git",
  "_target": "3.0.3",
  "_originalSource": "bootstrap"
}